wall_time_s,element_id,active_total,active_fresh,active_stale,inactive_total,collision_count,fresh_ratio,quorum_held,cp_frozen,cycle_count
0.305,1,0,0,0,0,0,1.0,1,0,1
0.305,0,0,0,0,0,0,1.0,1,0,1
0.305,2,0,0,0,0,0,1.0,1,0,1
0.305,3,0,0,0,0,0,1.0,1,0,1
0.305,4,0,0,0,0,0,1.0,1,0,1
0.412,0,0,0,0,0,0,1.0,1,0,2
0.413,1,0,0,0,0,0,1.0,1,0,2
0.414,2,0,0,0,0,0,1.0,1,0,2
0.414,3,0,0,0,0,0,1.0,1,0,2
0.415,4,0,0,0,0,0,1.0,1,0,2
0.522,0,0,0,0,0,0,1.0,1,0,3
0.523,1,0,0,0,0,0,1.0,1,0,3
0.524,2,0,0,0,0,0,1.0,1,0,3
0.524,3,0,0,0,0,0,1.0,1,0,3
0.525,4,0,0,0,0,0,1.0,1,0,3
0.632,0,0,0,0,0,0,1.0,1,0,4
0.633,1,0,0,0,0,0,1.0,1,0,4
0.634,2,0,0,0,0,0,1.0,1,0,4
0.634,3,0,0,0,0,0,1.0,1,0,4
0.635,4,0,0,0,0,0,1.0,1,0,4
0.742,0,0,0,0,0,0,1.0,1,0,5
0.743,1,1,1,0,0,0,1.0,1,0,5
0.744,2,2,2,0,0,0,1.0,1,0,5
0.744,3,3,3,0,0,0,1.0,1,0,5
0.745,4,4,4,0,0,0,1.0,1,0,5
0.852,0,4,4,0,0,0,1.0,1,0,6
0.853,1,4,4,0,0,0,1.0,1,0,6
0.854,2,4,4,0,0,0,1.0,1,0,6
0.854,3,4,4,0,0,0,1.0,1,0,6
0.855,4,4,4,0,0,0,1.0,1,0,6
0.962,0,4,4,0,0,0,1.0,1,0,7
0.963,1,4,4,0,0,0,1.0,1,0,7
0.964,2,4,4,0,0,0,1.0,1,0,7
0.964,3,4,4,0,0,0,1.0,1,0,7
0.965,4,4,4,0,0,0,1.0,1,0,7
1.072,0,4,4,0,0,0,1.0,1,0,8
1.073,1,4,4,0,0,0,1.0,1,0,8
1.074,2,4,4,0,0,0,1.0,1,0,8
1.074,3,4,4,0,0,0,1.0,1,0,8
1.075,4,4,4,0,0,0,1.0,1,0,8
1.182,0,4,4,0,0,0,1.0,1,0,9
1.183,1,4,4,0,0,0,1.0,1,0,9
1.184,2,4,4,0,0,0,1.0,1,0,9
1.184,3,4,4,0,0,0,1.0,1,0,9
1.185,4,4,4,0,0,0,1.0,1,0,9
1.292,0,4,4,0,0,0,1.0,1,0,10
1.293,1,4,4,0,0,0,1.0,1,0,10
1.294,2,4,4,0,0,0,1.0,1,0,10
1.294,3,4,4,0,0,0,1.0,1,0,10
1.295,4,4,4,0,0,0,1.0,1,0,10
1.402,0,4,4,0,0,0,1.0,1,0,11
1.403,1,4,4,0,0,0,1.0,1,0,11
1.404,2,4,4,0,0,0,1.0,1,0,11
1.404,3,4,4,0,0,0,1.0,1,0,11
1.405,4,4,4,0,0,0,1.0,1,0,11
1.512,0,4,4,0,0,0,1.0,1,0,12
1.513,1,4,4,0,0,0,1.0,1,0,12
1.514,2,4,4,0,0,0,1.0,1,0,12
1.514,3,4,4,0,0,0,1.0,1,0,12
1.515,4,4,4,0,0,0,1.0,1,0,12
1.622,0,4,4,0,0,0,1.0,1,0,13
1.623,1,4,4,0,0,0,1.0,1,0,13
1.624,2,4,4,0,0,0,1.0,1,0,13
1.624,3,4,4,0,0,0,1.0,1,0,13
1.625,4,4,4,0,0,0,1.0,1,0,13
1.732,0,4,4,0,0,0,1.0,1,0,14
1.733,1,4,4,0,0,0,1.0,1,0,14
1.734,2,4,4,0,0,0,1.0,1,0,14
1.734,3,4,4,0,0,0,1.0,1,0,14
1.735,4,4,4,0,0,0,1.0,1,0,14
1.842,0,4,4,0,0,0,1.0,1,0,15
1.843,1,4,4,0,0,0,1.0,1,0,15
1.844,2,4,4,0,0,0,1.0,1,0,15
1.844,3,4,4,0,0,0,1.0,1,0,15
1.845,4,4,4,0,0,0,1.0,1,0,15
1.952,0,4,4,0,0,0,1.0,1,0,16
1.953,1,4,4,0,0,0,1.0,1,0,16
1.954,2,4,4,0,0,0,1.0,1,0,16
1.954,3,4,4,0,0,0,1.0,1,0,16
1.955,4,4,4,0,0,0,1.0,1,0,16
2.062,0,4,4,0,0,0,1.0,1,0,17
2.063,1,4,4,0,0,0,1.0,1,0,17
2.064,2,4,4,0,0,0,1.0,1,0,17
2.064,3,4,4,0,0,0,1.0,1,0,17
2.065,4,4,4,0,0,0,1.0,1,0,17
2.172,0,4,4,0,0,0,1.0,1,0,18
2.173,1,4,4,0,0,0,1.0,1,0,18
2.174,2,4,4,0,0,0,1.0,1,0,18
2.174,3,4,4,0,0,0,1.0,1,0,18
2.175,4,4,4,0,0,0,1.0,1,0,18
2.282,0,4,4,0,0,0,1.0,1,0,19
2.283,1,4,4,0,0,0,1.0,1,0,19
2.284,2,4,4,0,0,0,1.0,1,0,19
2.284,3,4,4,0,0,0,1.0,1,0,19
2.285,4,4,4,0,0,0,1.0,1,0,19
2.392,0,4,4,0,0,0,1.0,1,0,20
2.393,1,4,4,0,0,0,1.0,1,0,20
2.394,2,4,4,0,0,0,1.0,1,0,20
2.394,3,4,4,0,0,0,1.0,1,0,20
2.395,4,4,4,0,0,0,1.0,1,0,20
2.502,0,4,4,0,0,0,1.0,1,0,21
2.503,1,4,4,0,0,0,1.0,1,0,21
2.504,2,4,4,0,0,0,1.0,1,0,21
2.504,3,4,4,0,0,0,1.0,1,0,21
2.505,4,4,4,0,0,0,1.0,1,0,21
2.612,0,4,4,0,0,0,1.0,1,0,22
2.613,1,4,4,0,0,0,1.0,1,0,22
2.614,2,4,4,0,0,0,1.0,1,0,22
2.614,3,4,4,0,0,0,1.0,1,0,22
2.615,4,4,4,0,0,0,1.0,1,0,22
2.722,0,4,4,0,0,0,1.0,1,0,23
2.723,1,4,4,0,0,0,1.0,1,0,23
2.724,2,4,4,0,0,0,1.0,1,0,23
2.724,3,4,4,0,0,0,1.0,1,0,23
2.725,4,4,4,0,0,0,1.0,1,0,23
2.832,0,4,4,0,0,0,1.0,1,0,24
2.833,1,4,4,0,0,0,1.0,1,0,24
2.834,2,4,4,0,0,0,1.0,1,0,24
2.834,3,4,4,0,0,0,1.0,1,0,24
2.835,4,4,4,0,0,0,1.0,1,0,24
2.942,0,4,4,0,0,0,1.0,1,0,25
2.943,1,4,4,0,0,0,1.0,1,0,25
2.944,2,4,4,0,0,0,1.0,1,0,25
2.944,3,4,4,0,0,0,1.0,1,0,25
2.945,4,4,4,0,0,0,1.0,1,0,25
3.052,0,4,4,0,0,0,1.0,1,0,26
3.053,1,4,4,0,0,0,1.0,1,0,26
3.054,2,4,4,0,0,0,1.0,1,0,26
3.054,3,4,4,0,0,0,1.0,1,0,26
3.055,4,4,4,0,0,0,1.0,1,0,26
3.162,0,4,4,0,0,0,1.0,1,0,27
3.163,1,4,4,0,0,0,1.0,1,0,27
3.164,2,4,4,0,0,0,1.0,1,0,27
3.164,3,4,4,0,0,0,1.0,1,0,27
3.165,4,4,4,0,0,0,1.0,1,0,27
3.272,0,4,4,0,0,0,1.0,1,0,28
3.273,1,4,4,0,0,0,1.0,1,0,28
3.273,2,4,4,0,0,0,1.0,1,0,28
3.274,3,4,4,0,0,0,1.0,1,0,28
3.275,4,4,4,0,0,0,1.0,1,0,28
3.382,0,4,4,0,0,0,1.0,1,0,29
3.383,1,4,4,0,0,0,1.0,1,0,29
3.383,2,4,4,0,0,0,1.0,1,0,29
3.384,3,4,4,0,0,0,1.0,1,0,29
3.385,4,4,4,0,0,0,1.0,1,0,29
3.492,0,4,4,0,0,0,1.0,1,0,30
3.493,1,4,4,0,0,0,1.0,1,0,30
3.494,2,4,4,0,0,0,1.0,1,0,30
3.494,3,4,4,0,0,0,1.0,1,0,30
3.495,4,4,4,0,0,0,1.0,1,0,30
3.602,0,4,4,0,0,0,1.0,1,0,31
3.603,1,4,4,0,0,0,1.0,1,0,31
3.603,2,4,4,0,0,0,1.0,1,0,31
3.604,3,4,4,0,0,0,1.0,1,0,31
3.605,4,4,4,0,0,0,1.0,1,0,31
3.712,0,4,4,0,0,0,1.0,1,0,32
3.713,1,4,4,0,0,0,1.0,1,0,32
3.713,2,4,4,0,0,0,1.0,1,0,32
3.714,3,4,4,0,0,0,1.0,1,0,32
3.715,4,4,4,0,0,0,1.0,1,0,32
3.822,0,4,4,0,0,0,1.0,1,0,33
3.823,1,4,4,0,0,0,1.0,1,0,33
3.823,2,4,4,0,0,0,1.0,1,0,33
3.824,3,4,4,0,0,0,1.0,1,0,33
3.825,4,4,4,0,0,0,1.0,1,0,33
3.932,0,4,4,0,0,0,1.0,1,0,34
3.933,1,4,4,0,0,0,1.0,1,0,34
3.933,2,4,4,0,0,0,1.0,1,0,34
3.934,3,4,4,0,0,0,1.0,1,0,34
3.935,4,4,4,0,0,0,1.0,1,0,34
4.042,0,4,4,0,0,0,1.0,1,0,35
4.043,1,4,4,0,0,0,1.0,1,0,35
4.044,2,4,4,0,0,0,1.0,1,0,35
4.044,3,4,4,0,0,0,1.0,1,0,35
4.045,4,4,4,0,0,0,1.0,1,0,35
4.152,0,4,4,0,0,0,1.0,1,0,36
4.153,1,4,4,0,0,0,1.0,1,0,36
4.154,2,4,4,0,0,0,1.0,1,0,36
4.154,3,4,4,0,0,0,1.0,1,0,36
4.155,4,4,4,0,0,0,1.0,1,0,36
4.262,0,4,4,0,0,0,1.0,1,0,37
4.263,1,4,4,0,0,0,1.0,1,0,37
4.263,2,4,4,0,0,0,1.0,1,0,37
4.264,3,4,4,0,0,0,1.0,1,0,37
4.265,4,4,4,0,0,0,1.0,1,0,37
4.372,0,4,4,0,0,0,1.0,1,0,38
4.373,1,4,4,0,0,0,1.0,1,0,38
4.373,2,4,4,0,0,0,1.0,1,0,38
4.374,3,4,4,0,0,0,1.0,1,0,38
4.375,4,4,4,0,0,0,1.0,1,0,38
4.482,0,4,4,0,0,0,1.0,1,0,39
4.483,1,4,4,0,0,0,1.0,1,0,39
4.483,2,4,4,0,0,0,1.0,1,0,39
4.484,3,4,4,0,0,0,1.0,1,0,39
4.485,4,4,4,0,0,0,1.0,1,0,39
4.592,0,4,4,0,0,0,1.0,1,0,40
4.593,1,4,4,0,0,0,1.0,1,0,40
4.594,2,4,4,0,0,0,1.0,1,0,40
4.594,3,4,4,0,0,0,1.0,1,0,40
4.595,4,4,4,0,0,0,1.0,1,0,40
4.702,0,4,4,0,0,0,1.0,1,0,41
4.703,1,4,4,0,0,0,1.0,1,0,41
4.703,2,4,4,0,0,0,1.0,1,0,41
4.704,3,4,4,0,0,0,1.0,1,0,41
4.705,4,4,4,0,0,0,1.0,1,0,41
4.812,0,4,4,0,0,0,1.0,1,0,42
4.813,1,4,4,0,0,0,1.0,1,0,42
4.813,2,4,4,0,0,0,1.0,1,0,42
4.814,3,4,4,0,0,0,1.0,1,0,42
4.815,4,4,4,0,0,0,1.0,1,0,42
4.922,0,4,4,0,0,0,1.0,1,0,43
4.923,1,4,4,0,0,0,1.0,1,0,43
4.923,2,4,4,0,0,0,1.0,1,0,43
4.924,3,4,4,0,0,0,1.0,1,0,43
4.925,4,4,4,0,0,0,1.0,1,0,43
5.032,0,4,4,0,0,0,1.0,1,0,44
5.033,1,4,4,0,0,0,1.0,1,0,44
5.034,2,4,4,0,0,0,1.0,1,0,44
5.034,3,4,4,0,0,0,1.0,1,0,44
5.035,4,4,4,0,0,0,1.0,1,0,44
5.142,0,4,4,0,0,0,1.0,1,0,45
5.143,1,4,4,0,0,0,1.0,1,0,45
5.144,2,4,4,0,0,0,1.0,1,0,45
5.144,3,4,4,0,0,0,1.0,1,0,45
5.145,4,4,4,0,0,0,1.0,1,0,45
5.252,0,4,4,0,0,0,1.0,1,0,46
5.253,1,4,4,0,0,0,1.0,1,0,46
5.254,2,4,4,0,0,0,1.0,1,0,46
5.254,3,4,4,0,0,0,1.0,1,0,46
5.255,4,4,4,0,0,0,1.0,1,0,46
5.362,0,4,4,0,0,0,1.0,1,0,47
5.363,1,4,4,0,0,0,1.0,1,0,47
5.364,2,4,4,0,0,0,1.0,1,0,47
5.364,3,4,4,0,0,0,1.0,1,0,47
5.365,4,4,4,0,0,0,1.0,1,0,47
5.472,0,4,4,0,0,0,1.0,1,0,48
5.473,1,4,4,0,0,0,1.0,1,0,48
5.474,2,4,4,0,0,0,1.0,1,0,48
5.474,3,4,4,0,0,0,1.0,1,0,48
5.475,4,4,4,0,0,0,1.0,1,0,48
5.582,0,4,4,0,0,0,1.0,1,0,49
5.583,1,4,4,0,0,0,1.0,1,0,49
5.584,2,4,4,0,0,0,1.0,1,0,49
5.584,3,4,4,0,0,0,1.0,1,0,49
5.585,4,4,4,0,0,0,1.0,1,0,49
5.692,0,4,4,0,0,0,1.0,1,0,50
5.693,1,4,4,0,0,0,1.0,1,0,50
5.694,2,4,4,0,0,0,1.0,1,0,50
5.694,3,4,4,0,0,0,1.0,1,0,50
5.695,4,4,4,0,0,0,1.0,1,0,50
5.802,0,4,4,0,0,0,1.0,1,0,51
5.803,1,4,4,0,0,0,1.0,1,0,51
5.804,2,4,4,0,0,0,1.0,1,0,51
5.804,3,4,4,0,0,0,1.0,1,0,51
5.805,4,4,4,0,0,0,1.0,1,0,51
5.912,0,4,4,0,0,0,1.0,1,0,52
5.913,1,4,4,0,0,0,1.0,1,0,52
5.914,2,4,4,0,0,0,1.0,1,0,52
5.914,3,4,4,0,0,0,1.0,1,0,52
5.915,4,4,4,0,0,0,1.0,1,0,52
6.022,0,4,4,0,0,0,1.0,1,0,53
6.023,1,4,4,0,0,0,1.0,1,0,53
6.024,2,4,4,0,0,0,1.0,1,0,53
6.024,3,4,4,0,0,0,1.0,1,0,53
6.025,4,4,4,0,0,0,1.0,1,0,53
6.132,0,4,4,0,0,0,1.0,1,0,54
6.133,1,4,4,0,0,0,1.0,1,0,54
6.134,2,4,4,0,0,0,1.0,1,0,54
6.134,3,4,4,0,0,0,1.0,1,0,54
6.135,4,4,4,0,0,0,1.0,1,0,54
6.242,0,4,4,0,0,0,1.0,1,0,55
6.243,1,4,4,0,0,0,1.0,1,0,55
6.244,2,4,4,0,0,0,1.0,1,0,55
6.244,3,4,4,0,0,0,1.0,1,0,55
6.245,4,4,4,0,0,0,1.0,1,0,55
6.352,0,4,4,0,0,0,1.0,1,0,56
6.353,1,4,4,0,0,0,1.0,1,0,56
6.354,2,4,4,0,0,0,1.0,1,0,56
6.354,3,4,4,0,0,0,1.0,1,0,56
6.355,4,4,4,0,0,0,1.0,1,0,56
6.462,0,4,4,0,0,0,1.0,1,0,57
6.463,1,4,4,0,0,0,1.0,1,0,57
6.464,2,4,4,0,0,0,1.0,1,0,57
6.464,3,4,4,0,0,0,1.0,1,0,57
6.465,4,4,4,0,0,0,1.0,1,0,57
6.572,0,4,4,0,0,0,1.0,1,0,58
6.573,1,4,4,0,0,0,1.0,1,0,58
6.574,2,4,4,0,0,0,1.0,1,0,58
6.574,3,4,4,0,0,0,1.0,1,0,58
6.575,4,4,4,0,0,0,1.0,1,0,58
6.682,0,4,4,0,0,0,1.0,1,0,59
6.683,1,4,4,0,0,0,1.0,1,0,59
6.684,2,4,4,0,0,0,1.0,1,0,59
6.684,3,4,4,0,0,0,1.0,1,0,59
6.685,4,4,4,0,0,0,1.0,1,0,59
6.792,0,4,4,0,0,0,1.0,1,0,60
6.793,1,4,4,0,0,0,1.0,1,0,60
6.794,2,4,4,0,0,0,1.0,1,0,60
6.794,3,4,4,0,0,0,1.0,1,0,60
6.795,4,4,4,0,0,0,1.0,1,0,60
6.902,0,4,4,0,0,0,1.0,1,0,61
6.903,1,4,4,0,0,0,1.0,1,0,61
6.904,2,4,4,0,0,0,1.0,1,0,61
6.904,3,4,4,0,0,0,1.0,1,0,61
6.905,4,4,4,0,0,0,1.0,1,0,61
7.012,0,4,4,0,0,0,1.0,1,0,62
7.013,1,4,4,0,0,0,1.0,1,0,62
7.014,2,4,4,0,0,0,1.0,1,0,62
7.014,3,4,4,0,0,0,1.0,1,0,62
7.015,4,4,4,0,0,0,1.0,1,0,62
7.122,0,4,4,0,0,0,1.0,1,0,63
7.123,1,4,4,0,0,0,1.0,1,0,63
7.124,2,4,4,0,0,0,1.0,1,0,63
7.124,3,4,4,0,0,0,1.0,1,0,63
7.125,4,4,4,0,0,0,1.0,1,0,63
7.232,0,4,4,0,0,0,1.0,1,0,64
7.233,1,4,4,0,0,0,1.0,1,0,64
7.234,3,4,4,0,0,0,1.0,1,0,64
7.234,2,4,4,0,0,0,1.0,1,0,64
7.235,4,4,4,0,0,0,1.0,1,0,64
7.342,0,4,4,0,0,0,1.0,1,0,65
7.343,1,4,4,0,0,0,1.0,1,0,65
7.344,2,4,4,0,0,0,1.0,1,0,65
7.344,3,4,4,0,0,0,1.0,1,0,65
7.345,4,4,4,0,0,0,1.0,1,0,65
7.452,0,4,4,0,0,0,1.0,1,0,66
7.453,1,4,4,0,0,0,1.0,1,0,66
7.454,2,4,4,0,0,0,1.0,1,0,66
7.454,3,4,4,0,0,0,1.0,1,0,66
7.455,4,4,4,0,0,0,1.0,1,0,66
7.562,0,4,4,0,0,0,1.0,1,0,67
7.563,1,4,4,0,0,0,1.0,1,0,67
7.564,2,4,4,0,0,0,1.0,1,0,67
7.564,3,4,4,0,0,0,1.0,1,0,67
7.565,4,4,4,0,0,0,1.0,1,0,67
7.672,0,4,4,0,0,0,1.0,1,0,68
7.673,1,4,4,0,0,0,1.0,1,0,68
7.674,2,4,4,0,0,0,1.0,1,0,68
7.674,3,4,4,0,0,0,1.0,1,0,68
7.675,4,4,4,0,0,0,1.0,1,0,68
7.782,0,4,4,0,0,0,1.0,1,0,69
7.783,1,4,4,0,0,0,1.0,1,0,69
7.784,2,4,2,2,0,0,0.5,1,0,69
7.784,3,4,2,2,0,0,0.5,1,0,69
7.785,4,4,2,2,0,0,0.5,1,0,69
7.892,0,4,1,3,0,0,0.25,0,0,70
7.893,1,4,1,3,0,0,0.25,0,0,70
7.894,2,4,2,2,0,0,0.5,1,0,70
7.894,3,4,2,2,0,0,0.5,1,0,70
7.895,4,4,2,2,0,0,0.5,1,0,70
8.002,0,4,1,3,0,0,0.25,0,0,71
8.003,1,4,1,3,0,0,0.25,0,0,71
8.004,2,4,2,2,0,0,0.5,1,0,71
8.004,3,4,2,2,0,0,0.5,1,0,71
8.005,4,4,2,2,0,0,0.5,1,0,71
8.112,0,4,1,3,0,0,0.25,0,0,72
8.113,1,4,1,3,0,0,0.25,0,0,72
8.114,2,4,2,2,0,0,0.5,1,0,72
8.114,3,4,2,2,0,0,0.5,1,0,72
8.115,4,4,2,2,0,0,0.5,1,0,72
8.222,0,4,1,3,0,0,0.25,0,0,73
8.223,1,4,1,3,0,0,0.25,0,0,73
8.224,2,4,2,2,0,0,0.5,1,0,73
8.224,3,4,2,2,0,0,0.5,1,0,73
8.225,4,4,2,2,0,0,0.5,1,0,73
8.332,0,4,1,3,0,0,0.25,0,0,74
8.333,1,4,1,3,0,0,0.25,0,0,74
8.333,2,4,2,2,0,0,0.5,1,0,74
8.334,3,4,2,2,0,0,0.5,1,0,74
8.335,4,4,2,2,0,0,0.5,1,0,74
8.442,0,4,1,3,0,0,0.25,0,0,75
8.443,1,4,1,3,0,0,0.25,0,0,75
8.444,2,4,2,2,0,0,0.5,1,0,75
8.444,3,4,2,2,0,0,0.5,1,0,75
8.445,4,4,2,2,0,0,0.5,1,0,75
8.552,0,4,1,3,0,0,0.25,0,0,76
8.553,1,4,1,3,0,0,0.25,0,0,76
8.554,2,4,2,2,0,0,0.5,1,0,76
8.554,3,4,2,2,0,0,0.5,1,0,76
8.555,4,4,2,2,0,0,0.5,1,0,76
8.662,0,4,1,3,0,0,0.25,0,0,77
8.663,1,4,1,3,0,0,0.25,0,0,77
8.663,2,4,2,2,0,0,0.5,1,0,77
8.664,3,4,2,2,0,0,0.5,1,0,77
8.665,4,4,2,2,0,0,0.5,1,0,77
8.772,0,4,1,3,0,0,0.25,0,0,78
8.773,1,4,1,3,0,0,0.25,0,0,78
8.774,2,4,2,2,0,0,0.5,1,0,78
8.774,3,4,2,2,0,0,0.5,1,0,78
8.775,4,4,2,2,0,0,0.5,1,0,78
8.882,0,4,1,3,0,0,0.25,0,0,79
8.883,1,4,1,3,0,0,0.25,0,0,79
8.884,2,4,2,2,0,0,0.5,1,0,79
8.884,3,4,2,2,0,0,0.5,1,0,79
8.885,4,4,2,2,0,0,0.5,1,0,79
8.992,0,4,1,3,0,0,0.25,0,0,80
8.993,1,4,1,3,0,0,0.25,0,0,80
8.994,2,4,2,2,0,0,0.5,1,0,80
8.994,3,4,2,2,0,0,0.5,1,0,80
8.995,4,4,2,2,0,0,0.5,1,0,80
9.102,0,4,1,3,0,0,0.25,0,0,81
9.103,1,4,1,3,0,0,0.25,0,0,81
9.103,2,4,2,2,0,0,0.5,1,0,81
9.104,3,4,2,2,0,0,0.5,1,0,81
9.105,4,4,2,2,0,0,0.5,1,0,81
9.212,0,4,1,3,0,0,0.25,0,0,82
9.213,1,4,1,3,0,0,0.25,0,0,82
9.213,2,4,2,2,0,0,0.5,1,0,82
9.214,3,4,2,2,0,0,0.5,1,0,82
9.215,4,4,2,2,0,0,0.5,1,0,82
9.322,0,4,1,3,0,0,0.25,0,0,83
9.323,1,4,1,3,0,0,0.25,0,0,83
9.323,2,4,2,2,0,0,0.5,1,0,83
9.324,3,4,2,2,0,0,0.5,1,0,83
9.325,4,4,2,2,0,0,0.5,1,0,83
9.432,0,4,1,3,0,0,0.25,0,0,84
9.433,1,4,1,3,0,0,0.25,0,0,84
9.433,2,4,2,2,0,0,0.5,1,0,84
9.434,3,4,2,2,0,0,0.5,1,0,84
9.436,4,4,2,2,0,0,0.5,1,0,84
9.542,0,4,1,3,0,0,0.25,0,0,85
9.543,1,4,1,3,0,0,0.25,0,0,85
9.544,2,4,2,2,0,0,0.5,1,0,85
9.544,3,4,2,2,0,0,0.5,1,0,85
9.545,4,4,2,2,0,0,0.5,1,0,85
9.652,0,4,1,3,0,0,0.25,0,0,86
9.653,1,4,1,3,0,0,0.25,0,0,86
9.653,2,4,2,2,0,0,0.5,1,0,86
9.654,3,4,2,2,0,0,0.5,1,0,86
9.655,4,4,2,2,0,0,0.5,1,0,86
9.762,0,4,1,3,0,0,0.25,0,0,87
9.763,1,4,1,3,0,0,0.25,0,0,87
9.763,2,4,2,2,0,0,0.5,1,0,87
9.764,3,4,2,2,0,0,0.5,1,0,87
9.765,4,4,2,2,0,0,0.5,1,0,87
9.872,0,4,1,3,0,0,0.25,0,0,88
9.873,1,4,1,3,0,0,0.25,0,0,88
9.873,2,4,2,2,0,0,0.5,1,0,88
9.874,3,4,2,2,0,0,0.5,1,0,88
9.875,4,4,2,2,0,0,0.5,1,0,88
9.982,0,4,1,3,0,0,0.25,0,0,89
9.983,1,4,1,3,0,0,0.25,0,0,89
9.983,2,4,2,2,0,0,0.5,1,0,89
9.984,3,4,2,2,0,0,0.5,1,0,89
9.985,4,4,2,2,0,0,0.5,1,0,89
10.092,0,4,1,3,0,0,0.25,0,0,90
10.093,1,4,1,3,0,0,0.25,0,0,90
10.094,2,4,2,2,0,0,0.5,1,0,90
10.094,3,4,2,2,0,0,0.5,1,0,90
10.095,4,4,2,2,0,0,0.5,1,0,90
10.202,0,4,1,3,0,0,0.25,0,0,91
10.203,1,4,1,3,0,0,0.25,0,0,91
10.203,2,4,2,2,0,0,0.5,1,0,91
10.204,3,4,2,2,0,0,0.5,1,0,91
10.205,4,4,2,2,0,0,0.5,1,0,91
10.312,0,4,1,3,0,0,0.25,0,0,92
10.313,1,4,1,3,0,0,0.25,0,0,92
10.313,2,4,2,2,0,0,0.5,1,0,92
10.314,3,4,2,2,0,0,0.5,1,0,92
10.315,4,4,2,2,0,0,0.5,1,0,92
10.422,0,4,1,3,0,0,0.25,0,0,93
10.423,1,4,1,3,0,0,0.25,0,0,93
10.423,2,4,2,2,0,0,0.5,1,0,93
10.424,3,4,2,2,0,0,0.5,1,0,93
10.425,4,4,2,2,0,0,0.5,1,0,93
10.532,0,4,1,3,0,0,0.25,0,0,94
10.533,1,4,1,3,0,0,0.25,0,0,94
10.533,2,4,2,2,0,0,0.5,1,0,94
10.534,3,4,2,2,0,0,0.5,1,0,94
10.535,4,4,2,2,0,0,0.5,1,0,94
10.642,0,4,1,3,0,0,0.25,0,0,95
10.643,1,4,1,3,0,0,0.25,0,0,95
10.644,2,4,2,2,0,0,0.5,1,0,95
10.644,3,4,2,2,0,0,0.5,1,0,95
10.645,4,4,2,2,0,0,0.5,1,0,95
10.752,0,4,1,3,0,0,0.25,0,0,96
10.753,1,4,1,3,0,0,0.25,0,0,96
10.753,2,4,2,2,0,0,0.5,1,0,96
10.754,3,4,2,2,0,0,0.5,1,0,96
10.755,4,4,2,2,0,0,0.5,1,0,96
10.862,0,4,1,3,0,0,0.25,0,0,97
10.863,1,4,1,3,0,0,0.25,0,0,97
10.863,2,4,2,2,0,0,0.5,1,0,97
10.864,3,4,2,2,0,0,0.5,1,0,97
10.865,4,4,2,2,0,0,0.5,1,0,97
10.972,0,4,1,3,0,0,0.25,0,0,98
10.973,1,4,1,3,0,0,0.25,0,0,98
10.973,2,4,2,2,0,0,0.5,1,0,98
10.974,3,4,2,2,0,0,0.5,1,0,98
10.975,4,4,2,2,0,0,0.5,1,0,98
11.082,0,4,1,3,0,0,0.25,0,0,99
11.083,1,4,1,3,0,0,0.25,0,0,99
11.083,2,4,2,2,0,0,0.5,1,0,99
11.084,3,4,2,2,0,0,0.5,1,0,99
11.085,4,4,2,2,0,0,0.5,1,0,99
11.192,0,4,1,3,0,0,0.25,0,0,100
11.193,1,4,1,3,0,0,0.25,0,0,100
11.194,2,4,2,2,0,0,0.5,1,0,100
11.194,3,4,2,2,0,0,0.5,1,0,100
11.195,4,4,2,2,0,0,0.5,1,0,100
11.302,0,4,1,3,0,0,0.25,0,0,101
11.303,1,4,1,3,0,0,0.25,0,0,101
11.303,2,4,2,2,0,0,0.5,1,0,101
11.304,3,4,2,2,0,0,0.5,1,0,101
11.305,4,4,2,2,0,0,0.5,1,0,101
11.412,0,4,1,3,0,0,0.25,0,0,102
11.413,1,4,1,3,0,0,0.25,0,0,102
11.413,2,4,2,2,0,0,0.5,1,0,102
11.414,3,4,2,2,0,0,0.5,1,0,102
11.415,4,4,2,2,0,0,0.5,1,0,102
11.522,0,4,1,3,0,0,0.25,0,0,103
11.523,1,4,1,3,0,0,0.25,0,0,103
11.523,2,4,2,2,0,0,0.5,1,0,103
11.524,3,4,2,2,0,0,0.5,1,0,103
11.525,4,4,2,2,0,0,0.5,1,0,103
11.632,0,4,1,3,0,0,0.25,0,0,104
11.633,1,4,1,3,0,0,0.25,0,0,104
11.633,2,2,2,0,2,0,1.0,1,0,104
11.634,3,2,2,0,2,0,1.0,1,0,104
11.635,4,2,2,0,2,0,1.0,1,0,104
11.742,0,1,1,0,3,0,1.0,1,0,105
11.743,1,1,1,0,3,0,1.0,1,0,105
11.744,2,2,2,0,2,0,1.0,1,0,105
11.744,3,2,2,0,2,0,1.0,1,0,105
11.745,4,2,2,0,2,0,1.0,1,0,105
11.852,0,1,1,0,3,0,1.0,1,0,106
11.853,1,1,1,0,3,0,1.0,1,0,106
11.853,2,2,2,0,2,0,1.0,1,0,106
11.854,3,2,2,0,2,0,1.0,1,0,106
11.855,4,2,2,0,2,0,1.0,1,0,106
11.962,0,1,1,0,3,0,1.0,1,0,107
11.963,1,1,1,0,3,0,1.0,1,0,107
11.963,2,2,2,0,2,0,1.0,1,0,107
11.964,3,2,2,0,2,0,1.0,1,0,107
11.965,4,2,2,0,2,0,1.0,1,0,107
12.072,0,1,1,0,3,0,1.0,1,0,108
12.073,1,1,1,0,3,0,1.0,1,0,108
12.073,2,2,2,0,2,0,1.0,1,0,108
12.074,3,2,2,0,2,0,1.0,1,0,108
12.075,4,2,2,0,2,0,1.0,1,0,108
12.182,0,1,1,0,3,0,1.0,1,0,109
12.183,1,1,1,0,3,0,1.0,1,0,109
12.183,2,2,2,0,2,0,1.0,1,0,109
12.184,3,2,2,0,2,0,1.0,1,0,109
12.185,4,2,2,0,2,0,1.0,1,0,109
12.292,0,1,1,0,3,0,1.0,1,0,110
12.293,1,1,1,0,3,0,1.0,1,0,110
12.294,2,2,2,0,2,0,1.0,1,0,110
12.294,3,2,2,0,2,0,1.0,1,0,110
12.295,4,2,2,0,2,0,1.0,1,0,110
12.402,0,1,1,0,3,0,1.0,1,0,111
12.403,1,1,1,0,3,0,1.0,1,0,111
12.403,2,2,2,0,2,0,1.0,1,0,111
12.404,3,2,2,0,2,0,1.0,1,0,111
12.405,4,2,2,0,2,0,1.0,1,0,111
12.512,0,1,1,0,3,0,1.0,1,0,112
12.513,1,1,1,0,3,0,1.0,1,0,112
12.513,2,2,2,0,2,0,1.0,1,0,112
12.514,3,2,2,0,2,0,1.0,1,0,112
12.515,4,2,2,0,2,0,1.0,1,0,112
12.622,0,1,1,0,3,0,1.0,1,0,113
12.623,1,1,1,0,3,0,1.0,1,0,113
12.623,2,2,2,0,2,0,1.0,1,0,113
12.624,3,2,2,0,2,0,1.0,1,0,113
12.625,4,2,2,0,2,0,1.0,1,0,113
12.732,0,1,1,0,3,0,1.0,1,0,114
12.733,1,1,1,0,3,0,1.0,1,0,114
12.733,2,2,2,0,2,0,1.0,1,0,114
12.734,3,2,2,0,2,0,1.0,1,0,114
12.735,4,2,2,0,2,0,1.0,1,0,114
12.842,0,1,1,0,3,0,1.0,1,0,115
12.843,1,1,1,0,3,0,1.0,1,0,115
12.844,2,2,2,0,2,0,1.0,1,0,115
12.844,3,2,2,0,2,0,1.0,1,0,115
12.845,4,2,2,0,2,0,1.0,1,0,115
12.952,0,1,1,0,3,0,1.0,1,0,116
12.953,1,1,1,0,3,0,1.0,1,0,116
12.953,2,2,2,0,2,0,1.0,1,0,116
12.954,3,2,2,0,2,0,1.0,1,0,116
12.955,4,2,2,0,2,0,1.0,1,0,116
13.062,0,1,1,0,3,0,1.0,1,0,117
13.063,1,1,1,0,3,0,1.0,1,0,117
13.063,2,2,2,0,2,0,1.0,1,0,117
13.064,3,2,2,0,2,0,1.0,1,0,117
13.065,4,2,2,0,2,0,1.0,1,0,117
13.172,0,1,1,0,3,0,1.0,1,0,118
13.173,1,1,1,0,3,0,1.0,1,0,118
13.173,2,2,2,0,2,0,1.0,1,0,118
13.174,3,2,2,0,2,0,1.0,1,0,118
13.175,4,2,2,0,2,0,1.0,1,0,118
13.282,0,1,1,0,3,0,1.0,1,0,119
13.283,1,1,1,0,3,0,1.0,1,0,119
13.283,2,2,2,0,2,0,1.0,1,0,119
13.284,3,2,2,0,2,0,1.0,1,0,119
13.285,4,2,2,0,2,0,1.0,1,0,119
13.392,0,1,1,0,3,0,1.0,1,0,120
13.393,1,1,1,0,3,0,1.0,1,0,120
13.394,2,2,2,0,2,0,1.0,1,0,120
13.394,3,2,2,0,2,0,1.0,1,0,120
13.395,4,2,2,0,2,0,1.0,1,0,120
13.502,0,1,1,0,3,0,1.0,1,0,121
13.503,1,1,1,0,3,0,1.0,1,0,121
13.503,2,2,2,0,2,0,1.0,1,0,121
13.504,3,2,2,0,2,0,1.0,1,0,121
13.505,4,2,2,0,2,0,1.0,1,0,121
13.612,0,1,1,0,3,0,1.0,1,0,122
13.613,1,1,1,0,3,0,1.0,1,0,122
13.613,2,2,2,0,2,0,1.0,1,0,122
13.614,3,2,2,0,2,0,1.0,1,0,122
13.615,4,2,2,0,2,0,1.0,1,0,122
13.722,0,1,1,0,3,0,1.0,1,0,123
13.723,1,1,1,0,3,0,1.0,1,0,123
13.723,2,2,2,0,2,0,1.0,1,0,123
13.724,3,2,2,0,2,0,1.0,1,0,123
13.725,4,2,2,0,2,0,1.0,1,0,123
13.832,0,1,1,0,3,0,1.0,1,0,124
13.833,1,1,1,0,3,0,1.0,1,0,124
13.833,2,2,2,0,2,0,1.0,1,0,124
13.834,3,2,2,0,2,0,1.0,1,0,124
13.835,4,2,2,0,2,0,1.0,1,0,124
13.942,0,1,1,0,3,0,1.0,1,0,125
13.943,1,1,1,0,3,0,1.0,1,0,125
13.944,2,2,2,0,2,0,1.0,1,0,125
13.944,3,2,2,0,2,0,1.0,1,0,125
13.945,4,2,2,0,2,0,1.0,1,0,125
14.052,0,1,1,0,3,0,1.0,1,0,126
14.053,1,1,1,0,3,0,1.0,1,0,126
14.053,2,2,2,0,2,0,1.0,1,0,126
14.054,3,2,2,0,2,0,1.0,1,0,126
14.055,4,2,2,0,2,0,1.0,1,0,126
14.162,0,1,1,0,3,0,1.0,1,0,127
14.163,1,1,1,0,3,0,1.0,1,0,127
14.163,2,2,2,0,2,0,1.0,1,0,127
14.164,3,2,2,0,2,0,1.0,1,0,127
14.165,4,2,2,0,2,0,1.0,1,0,127
14.272,0,1,1,0,3,0,1.0,1,0,128
14.273,1,1,1,0,3,0,1.0,1,0,128
14.273,2,2,2,0,2,0,1.0,1,0,128
14.274,3,2,2,0,2,0,1.0,1,0,128
14.275,4,2,2,0,2,0,1.0,1,0,128
14.382,0,1,1,0,3,0,1.0,1,0,129
14.383,1,1,1,0,3,0,1.0,1,0,129
14.383,2,2,2,0,2,0,1.0,1,0,129
14.384,3,2,2,0,2,0,1.0,1,0,129
14.385,4,2,2,0,2,0,1.0,1,0,129
14.492,0,1,1,0,3,0,1.0,1,0,130
14.493,1,1,1,0,3,0,1.0,1,0,130
14.494,2,2,2,0,2,0,1.0,1,0,130
14.494,3,2,2,0,2,0,1.0,1,0,130
14.495,4,2,2,0,2,0,1.0,1,0,130
14.602,0,1,1,0,3,0,1.0,1,0,131
14.603,1,1,1,0,3,0,1.0,1,0,131
14.603,2,2,2,0,2,0,1.0,1,0,131
14.604,3,2,2,0,2,0,1.0,1,0,131
14.605,4,2,2,0,2,0,1.0,1,0,131
14.712,0,1,1,0,3,0,1.0,1,0,132
14.713,1,1,1,0,3,0,1.0,1,0,132
14.713,2,2,2,0,2,0,1.0,1,0,132
14.714,3,2,2,0,2,0,1.0,1,0,132
14.715,4,2,2,0,2,0,1.0,1,0,132
14.822,0,1,1,0,3,0,1.0,1,0,133
14.823,1,1,1,0,3,0,1.0,1,0,133
14.823,2,2,2,0,2,0,1.0,1,0,133
14.824,3,2,2,0,2,0,1.0,1,0,133
14.825,4,2,2,0,2,0,1.0,1,0,133
14.932,0,1,1,0,3,0,1.0,1,0,134
14.933,1,1,1,0,3,0,1.0,1,0,134
14.933,2,2,2,0,2,0,1.0,1,0,134
14.934,3,2,2,0,2,0,1.0,1,0,134
14.935,4,2,2,0,2,0,1.0,1,0,134
15.042,0,1,1,0,3,0,1.0,1,0,135
15.043,1,1,1,0,3,0,1.0,1,0,135
15.044,2,2,2,0,2,0,1.0,1,0,135
15.044,3,2,2,0,2,0,1.0,1,0,135
15.045,4,2,2,0,2,0,1.0,1,0,135
15.152,0,1,1,0,3,0,1.0,1,0,136
15.153,1,1,1,0,3,0,1.0,1,0,136
15.153,2,2,2,0,2,0,1.0,1,0,136
15.154,3,2,2,0,2,0,1.0,1,0,136
15.155,4,2,2,0,2,0,1.0,1,0,136
15.262,0,1,1,0,3,0,1.0,1,0,137
15.263,1,1,1,0,3,0,1.0,1,0,137
15.263,2,2,2,0,2,0,1.0,1,0,137
15.264,3,2,2,0,2,0,1.0,1,0,137
15.265,4,2,2,0,2,0,1.0,1,0,137
15.372,0,1,1,0,3,0,1.0,1,0,138
15.373,1,1,1,0,3,0,1.0,1,0,138
15.373,2,2,2,0,2,0,1.0,1,0,138
15.374,3,2,2,0,2,0,1.0,1,0,138
15.375,4,2,2,0,2,0,1.0,1,0,138
15.482,0,1,1,0,3,0,1.0,1,0,139
15.483,1,1,1,0,3,0,1.0,1,0,139
15.483,2,2,2,0,2,0,1.0,1,0,139
15.484,3,2,2,0,2,0,1.0,1,0,139
15.485,4,2,2,0,2,0,1.0,1,0,139
15.592,0,1,1,0,3,0,1.0,1,0,140
15.593,1,1,1,0,3,0,1.0,1,0,140
15.594,2,2,2,0,2,0,1.0,1,0,140
15.594,3,2,2,0,2,0,1.0,1,0,140
15.595,4,2,2,0,2,0,1.0,1,0,140
15.702,0,1,1,0,3,0,1.0,1,0,141
15.703,1,1,1,0,3,0,1.0,1,0,141
15.703,2,2,2,0,2,0,1.0,1,0,141
15.704,3,2,2,0,2,0,1.0,1,0,141
15.705,4,2,2,0,2,0,1.0,1,0,141
15.812,0,1,1,0,3,0,1.0,1,0,142
15.813,1,1,1,0,3,0,1.0,1,0,142
15.813,2,2,2,0,2,0,1.0,1,0,142
15.814,3,2,2,0,2,0,1.0,1,0,142
15.815,4,2,2,0,2,0,1.0,1,0,142
15.922,0,1,1,0,3,0,1.0,1,0,143
15.923,1,1,1,0,3,0,1.0,1,0,143
15.923,2,2,2,0,2,0,1.0,1,0,143
15.924,3,2,2,0,2,0,1.0,1,0,143
15.925,4,2,2,0,2,0,1.0,1,0,143
16.032,0,1,1,0,3,0,1.0,1,0,144
16.033,1,1,1,0,3,0,1.0,1,0,144
16.033,2,2,2,0,2,0,1.0,1,0,144
16.034,3,2,2,0,2,0,1.0,1,0,144
16.035,4,2,2,0,2,0,1.0,1,0,144
16.142,0,1,1,0,3,0,1.0,1,0,145
16.143,1,1,1,0,3,0,1.0,1,0,145
16.144,2,2,2,0,2,0,1.0,1,0,145
16.144,3,2,2,0,2,0,1.0,1,0,145
16.145,4,2,2,0,2,0,1.0,1,0,145
16.252,0,1,1,0,3,0,1.0,1,0,146
16.253,1,1,1,0,3,0,1.0,1,0,146
16.253,2,2,2,0,2,0,1.0,1,0,146
16.254,3,2,2,0,2,0,1.0,1,0,146
16.255,4,2,2,0,2,0,1.0,1,0,146
16.362,0,1,1,0,3,0,1.0,1,0,147
16.363,1,1,1,0,3,0,1.0,1,0,147
16.364,2,2,2,0,2,0,1.0,1,0,147
16.364,3,2,2,0,2,0,1.0,1,0,147
16.365,4,2,2,0,2,0,1.0,1,0,147
16.472,0,1,1,0,3,0,1.0,1,0,148
16.473,1,1,1,0,3,0,1.0,1,0,148
16.473,2,2,2,0,2,0,1.0,1,0,148
16.474,3,2,2,0,2,0,1.0,1,0,148
16.475,4,2,2,0,2,0,1.0,1,0,148
16.582,0,1,1,0,3,0,1.0,1,0,149
16.583,1,1,1,0,3,0,1.0,1,0,149
16.583,2,2,2,0,2,0,1.0,1,0,149
16.584,3,2,2,0,2,0,1.0,1,0,149
16.585,4,2,2,0,2,0,1.0,1,0,149
16.692,0,1,1,0,3,0,1.0,1,0,150
16.693,1,1,1,0,3,0,1.0,1,0,150
16.694,2,4,4,0,0,0,1.0,1,0,150
16.694,3,4,4,0,0,0,1.0,1,0,150
16.695,4,4,4,0,0,0,1.0,1,0,150
16.802,0,4,4,0,0,0,1.0,1,0,151
16.803,1,4,4,0,0,0,1.0,1,0,151
16.803,2,4,4,0,0,0,1.0,1,0,151
16.804,3,4,4,0,0,0,1.0,1,0,151
16.805,4,4,4,0,0,0,1.0,1,0,151
16.912,0,4,4,0,0,0,1.0,1,0,152
16.913,1,4,4,0,0,0,1.0,1,0,152
16.913,2,4,4,0,0,0,1.0,1,0,152
16.914,3,4,4,0,0,0,1.0,1,0,152
16.915,4,4,4,0,0,0,1.0,1,0,152
17.022,0,4,4,0,0,0,1.0,1,0,153
17.023,1,4,4,0,0,0,1.0,1,0,153
17.023,2,4,4,0,0,0,1.0,1,0,153
17.024,3,4,4,0,0,0,1.0,1,0,153
17.025,4,4,4,0,0,0,1.0,1,0,153
17.132,0,4,4,0,0,0,1.0,1,0,154
17.133,1,4,4,0,0,0,1.0,1,0,154
17.133,2,4,4,0,0,0,1.0,1,0,154
17.134,3,4,4,0,0,0,1.0,1,0,154
17.135,4,4,4,0,0,0,1.0,1,0,154
17.242,0,4,4,0,0,0,1.0,1,0,155
17.243,1,4,4,0,0,0,1.0,1,0,155
17.244,2,4,4,0,0,0,1.0,1,0,155
17.244,3,4,4,0,0,0,1.0,1,0,155
17.245,4,4,4,0,0,0,1.0,1,0,155
17.352,0,4,4,0,0,0,1.0,1,0,156
17.353,1,4,4,0,0,0,1.0,1,0,156
17.353,2,4,4,0,0,0,1.0,1,0,156
17.354,3,4,4,0,0,0,1.0,1,0,156
17.355,4,4,4,0,0,0,1.0,1,0,156
17.462,0,4,4,0,0,0,1.0,1,0,157
17.463,1,4,4,0,0,0,1.0,1,0,157
17.463,2,4,4,0,0,0,1.0,1,0,157
17.464,3,4,4,0,0,0,1.0,1,0,157
17.465,4,4,4,0,0,0,1.0,1,0,157
17.572,0,4,4,0,0,0,1.0,1,0,158
17.573,1,4,4,0,0,0,1.0,1,0,158
17.573,2,4,4,0,0,0,1.0,1,0,158
17.574,3,4,4,0,0,0,1.0,1,0,158
17.575,4,4,4,0,0,0,1.0,1,0,158
17.682,0,4,4,0,0,0,1.0,1,0,159
17.683,1,4,4,0,0,0,1.0,1,0,159
17.683,2,4,4,0,0,0,1.0,1,0,159
17.684,3,4,4,0,0,0,1.0,1,0,159
17.685,4,4,4,0,0,0,1.0,1,0,159
17.792,0,4,4,0,0,0,1.0,1,0,160
17.793,1,4,4,0,0,0,1.0,1,0,160
17.794,2,4,4,0,0,0,1.0,1,0,160
17.794,3,4,4,0,0,0,1.0,1,0,160
17.795,4,4,4,0,0,0,1.0,1,0,160
17.902,0,4,4,0,0,0,1.0,1,0,161
17.903,1,4,4,0,0,0,1.0,1,0,161
17.903,2,4,4,0,0,0,1.0,1,0,161
17.904,3,4,4,0,0,0,1.0,1,0,161
17.905,4,4,4,0,0,0,1.0,1,0,161
18.012,0,4,4,0,0,0,1.0,1,0,162
18.013,1,4,4,0,0,0,1.0,1,0,162
18.013,2,4,4,0,0,0,1.0,1,0,162
18.014,3,4,4,0,0,0,1.0,1,0,162
18.015,4,4,4,0,0,0,1.0,1,0,162
18.122,0,4,4,0,0,0,1.0,1,0,163
18.123,1,4,4,0,0,0,1.0,1,0,163
18.123,2,4,4,0,0,0,1.0,1,0,163
18.124,3,4,4,0,0,0,1.0,1,0,163
18.125,4,4,4,0,0,0,1.0,1,0,163
18.232,0,4,4,0,0,0,1.0,1,0,164
18.233,1,4,4,0,0,0,1.0,1,0,164
18.233,2,4,4,0,0,0,1.0,1,0,164
18.234,3,4,4,0,0,0,1.0,1,0,164
18.235,4,4,4,0,0,0,1.0,1,0,164
18.342,0,4,4,0,0,0,1.0,1,0,165
18.343,1,4,4,0,0,0,1.0,1,0,165
18.344,2,4,4,0,0,0,1.0,1,0,165
18.344,3,4,4,0,0,0,1.0,1,0,165
18.345,4,4,4,0,0,0,1.0,1,0,165
18.452,0,4,4,0,0,0,1.0,1,0,166
18.453,1,4,4,0,0,0,1.0,1,0,166
18.453,2,4,4,0,0,0,1.0,1,0,166
18.454,3,4,4,0,0,0,1.0,1,0,166
18.455,4,4,4,0,0,0,1.0,1,0,166
18.562,0,4,4,0,0,0,1.0,1,0,167
18.563,1,4,4,0,0,0,1.0,1,0,167
18.563,2,4,4,0,0,0,1.0,1,0,167
18.564,3,4,4,0,0,0,1.0,1,0,167
18.565,4,4,4,0,0,0,1.0,1,0,167
18.672,0,4,4,0,0,0,1.0,1,0,168
18.673,1,4,4,0,0,0,1.0,1,0,168
18.673,2,4,4,0,0,0,1.0,1,0,168
18.674,3,4,4,0,0,0,1.0,1,0,168
18.675,4,4,4,0,0,0,1.0,1,0,168
18.782,0,4,4,0,0,0,1.0,1,0,169
18.783,1,4,4,0,0,0,1.0,1,0,169
18.783,2,4,4,0,0,0,1.0,1,0,169
18.784,3,4,4,0,0,0,1.0,1,0,169
18.785,4,4,4,0,0,0,1.0,1,0,169
18.892,0,4,4,0,0,0,1.0,1,0,170
18.893,1,4,4,0,0,0,1.0,1,0,170
18.894,2,4,4,0,0,0,1.0,1,0,170
18.894,3,4,4,0,0,0,1.0,1,0,170
18.895,4,4,4,0,0,0,1.0,1,0,170
19.002,0,4,4,0,0,0,1.0,1,0,171
19.003,1,4,4,0,0,0,1.0,1,0,171
19.003,2,4,4,0,0,0,1.0,1,0,171
19.004,3,4,4,0,0,0,1.0,1,0,171
19.005,4,4,4,0,0,0,1.0,1,0,171
19.112,0,4,4,0,0,0,1.0,1,0,172
19.113,1,4,4,0,0,0,1.0,1,0,172
19.113,2,4,4,0,0,0,1.0,1,0,172
19.114,3,4,4,0,0,0,1.0,1,0,172
19.115,4,4,4,0,0,0,1.0,1,0,172
19.222,0,4,4,0,0,0,1.0,1,0,173
19.223,1,4,4,0,0,0,1.0,1,0,173
19.223,2,4,4,0,0,0,1.0,1,0,173
19.224,3,4,4,0,0,0,1.0,1,0,173
19.225,4,4,4,0,0,0,1.0,1,0,173
19.332,0,4,4,0,0,0,1.0,1,0,174
19.333,1,4,4,0,0,0,1.0,1,0,174
19.333,2,4,4,0,0,0,1.0,1,0,174
19.334,3,4,4,0,0,0,1.0,1,0,174
19.335,4,4,4,0,0,0,1.0,1,0,174
19.442,0,4,4,0,0,0,1.0,1,0,175
19.443,1,4,4,0,0,0,1.0,1,0,175
19.444,2,4,4,0,0,0,1.0,1,0,175
19.444,3,4,4,0,0,0,1.0,1,0,175
19.445,4,4,4,0,0,0,1.0,1,0,175
19.552,0,4,4,0,0,0,1.0,1,0,176
19.553,1,4,4,0,0,0,1.0,1,0,176
19.553,2,4,4,0,0,0,1.0,1,0,176
19.554,3,4,4,0,0,0,1.0,1,0,176
19.555,4,4,4,0,0,0,1.0,1,0,176
19.662,0,4,4,0,0,0,1.0,1,0,177
19.663,1,4,4,0,0,0,1.0,1,0,177
19.663,2,4,4,0,0,0,1.0,1,0,177
19.664,3,4,4,0,0,0,1.0,1,0,177
19.665,4,4,4,0,0,0,1.0,1,0,177
19.772,0,4,4,0,0,0,1.0,1,0,178
19.773,1,4,4,0,0,0,1.0,1,0,178
19.773,2,4,4,0,0,0,1.0,1,0,178
19.774,3,4,4,0,0,0,1.0,1,0,178
19.775,4,4,4,0,0,0,1.0,1,0,178
19.882,0,4,4,0,0,0,1.0,1,0,179
19.883,1,4,4,0,0,0,1.0,1,0,179
19.883,2,4,4,0,0,0,1.0,1,0,179
19.884,3,4,4,0,0,0,1.0,1,0,179
19.885,4,4,4,0,0,0,1.0,1,0,179
19.992,0,4,4,0,0,0,1.0,1,0,180
19.993,1,4,4,0,0,0,1.0,1,0,180
19.994,2,4,4,0,0,0,1.0,1,0,180
19.994,3,4,4,0,0,0,1.0,1,0,180
19.995,4,4,4,0,0,0,1.0,1,0,180
20.102,0,4,4,0,0,0,1.0,1,0,181
20.103,1,4,4,0,0,0,1.0,1,0,181
20.103,2,4,4,0,0,0,1.0,1,0,181
20.104,3,4,4,0,0,0,1.0,1,0,181
20.105,4,4,4,0,0,0,1.0,1,0,181
20.212,0,4,4,0,0,0,1.0,1,0,182
20.213,1,4,4,0,0,0,1.0,1,0,182
20.213,2,4,4,0,0,0,1.0,1,0,182
20.214,3,4,4,0,0,0,1.0,1,0,182
20.215,4,4,4,0,0,0,1.0,1,0,182
20.322,0,4,4,0,0,0,1.0,1,0,183
20.323,1,4,4,0,0,0,1.0,1,0,183
20.323,2,4,4,0,0,0,1.0,1,0,183
20.324,3,4,4,0,0,0,1.0,1,0,183
20.325,4,4,4,0,0,0,1.0,1,0,183
20.432,0,4,4,0,0,0,1.0,1,0,184
20.433,1,4,4,0,0,0,1.0,1,0,184
20.433,2,4,4,0,0,0,1.0,1,0,184
20.434,3,4,4,0,0,0,1.0,1,0,184
20.436,4,4,4,0,0,0,1.0,1,0,184
20.542,0,4,4,0,0,0,1.0,1,0,185
20.543,1,4,4,0,0,0,1.0,1,0,185
20.544,2,4,4,0,0,0,1.0,1,0,185
20.544,3,4,4,0,0,0,1.0,1,0,185
20.545,4,4,4,0,0,0,1.0,1,0,185
20.652,0,4,4,0,0,0,1.0,1,0,186
20.653,1,4,4,0,0,0,1.0,1,0,186
20.653,2,4,4,0,0,0,1.0,1,0,186
20.654,3,4,4,0,0,0,1.0,1,0,186
20.655,4,4,4,0,0,0,1.0,1,0,186
20.762,0,4,4,0,0,0,1.0,1,0,187
20.763,1,4,4,0,0,0,1.0,1,0,187
20.763,2,4,4,0,0,0,1.0,1,0,187
20.764,3,4,4,0,0,0,1.0,1,0,187
20.765,4,4,4,0,0,0,1.0,1,0,187
20.872,0,4,4,0,0,0,1.0,1,0,188
20.873,1,4,4,0,0,0,1.0,1,0,188
20.873,2,4,4,0,0,0,1.0,1,0,188
20.874,3,4,4,0,0,0,1.0,1,0,188
20.875,4,4,4,0,0,0,1.0,1,0,188
20.982,0,4,4,0,0,0,1.0,1,0,189
20.983,1,4,4,0,0,0,1.0,1,0,189
20.983,2,4,4,0,0,0,1.0,1,0,189
20.984,3,4,4,0,0,0,1.0,1,0,189
20.985,4,4,4,0,0,0,1.0,1,0,189
21.092,0,4,4,0,0,0,1.0,1,0,190
21.093,1,4,4,0,0,0,1.0,1,0,190
21.094,2,4,4,0,0,0,1.0,1,0,190
21.094,3,4,4,0,0,0,1.0,1,0,190
21.095,4,4,4,0,0,0,1.0,1,0,190
21.202,0,4,4,0,0,0,1.0,1,0,191
21.203,1,4,4,0,0,0,1.0,1,0,191
21.203,2,4,4,0,0,0,1.0,1,0,191
21.204,3,4,4,0,0,0,1.0,1,0,191
21.205,4,4,4,0,0,0,1.0,1,0,191
21.312,0,4,4,0,0,0,1.0,1,0,192
21.313,1,4,4,0,0,0,1.0,1,0,192
21.313,2,4,4,0,0,0,1.0,1,0,192
21.314,3,4,4,0,0,0,1.0,1,0,192
21.315,4,4,4,0,0,0,1.0,1,0,192
21.422,0,4,4,0,0,0,1.0,1,0,193
21.423,1,4,4,0,0,0,1.0,1,0,193
21.423,2,4,4,0,0,0,1.0,1,0,193
21.424,3,4,4,0,0,0,1.0,1,0,193
21.425,4,4,4,0,0,0,1.0,1,0,193
21.532,0,4,4,0,0,0,1.0,1,0,194
21.533,1,4,4,0,0,0,1.0,1,0,194
21.533,2,4,4,0,0,0,1.0,1,0,194
21.534,3,4,4,0,0,0,1.0,1,0,194
21.535,4,4,4,0,0,0,1.0,1,0,194
21.642,0,4,4,0,0,0,1.0,1,0,195
21.643,1,4,4,0,0,0,1.0,1,0,195
21.644,2,4,4,0,0,0,1.0,1,0,195
21.644,3,4,4,0,0,0,1.0,1,0,195
21.645,4,4,4,0,0,0,1.0,1,0,195
21.752,0,4,4,0,0,0,1.0,1,0,196
21.753,1,4,4,0,0,0,1.0,1,0,196
21.753,2,4,4,0,0,0,1.0,1,0,196
21.754,3,4,4,0,0,0,1.0,1,0,196
21.755,4,4,4,0,0,0,1.0,1,0,196
21.862,0,4,4,0,0,0,1.0,1,0,197
21.863,1,4,4,0,0,0,1.0,1,0,197
21.863,2,4,4,0,0,0,1.0,1,0,197
21.864,3,4,4,0,0,0,1.0,1,0,197
21.865,4,4,4,0,0,0,1.0,1,0,197
21.972,0,4,4,0,0,0,1.0,1,0,198
21.973,1,4,4,0,0,0,1.0,1,0,198
21.973,2,4,4,0,0,0,1.0,1,0,198
21.974,3,4,4,0,0,0,1.0,1,0,198
21.975,4,4,4,0,0,0,1.0,1,0,198
22.082,0,4,4,0,0,0,1.0,1,0,199
22.083,1,4,4,0,0,0,1.0,1,0,199
22.083,2,4,4,0,0,0,1.0,1,0,199
22.084,3,4,4,0,0,0,1.0,1,0,199
22.085,4,4,4,0,0,0,1.0,1,0,199
22.192,0,4,4,0,0,0,1.0,1,0,200
22.193,1,4,4,0,0,0,1.0,1,0,200
22.194,2,4,4,0,0,0,1.0,1,0,200
22.194,3,4,4,0,0,0,1.0,1,0,200
22.195,4,4,4,0,0,0,1.0,1,0,200
22.302,0,4,4,0,0,0,1.0,1,0,201
22.303,1,4,4,0,0,0,1.0,1,0,201
22.303,2,4,4,0,0,0,1.0,1,0,201
22.304,3,4,4,0,0,0,1.0,1,0,201
22.305,4,4,4,0,0,0,1.0,1,0,201
22.412,0,4,4,0,0,0,1.0,1,0,202
22.413,1,4,4,0,0,0,1.0,1,0,202
22.413,2,4,4,0,0,0,1.0,1,0,202
22.414,3,4,4,0,0,0,1.0,1,0,202
22.415,4,4,4,0,0,0,1.0,1,0,202
22.522,0,4,4,0,0,0,1.0,1,0,203
22.523,1,4,4,0,0,0,1.0,1,0,203
22.523,2,4,4,0,0,0,1.0,1,0,203
22.524,3,4,4,0,0,0,1.0,1,0,203
22.525,4,4,4,0,0,0,1.0,1,0,203
22.632,0,4,4,0,0,0,1.0,1,0,204
22.633,1,4,4,0,0,0,1.0,1,0,204
22.633,2,4,4,0,0,0,1.0,1,0,204
22.634,3,4,4,0,0,0,1.0,1,0,204
22.635,4,4,4,0,0,0,1.0,1,0,204
22.742,0,4,4,0,0,0,1.0,1,0,205
22.743,1,4,4,0,0,0,1.0,1,0,205
22.744,2,4,4,0,0,0,1.0,1,0,205
22.744,3,4,4,0,0,0,1.0,1,0,205
22.745,4,4,4,0,0,0,1.0,1,0,205
22.852,0,4,4,0,0,0,1.0,1,0,206
22.853,1,4,4,0,0,0,1.0,1,0,206
22.853,2,4,4,0,0,0,1.0,1,0,206
22.854,3,4,4,0,0,0,1.0,1,0,206
22.855,4,4,4,0,0,0,1.0,1,0,206
22.962,0,4,4,0,0,0,1.0,1,0,207
22.963,1,4,4,0,0,0,1.0,1,0,207
22.963,2,4,4,0,0,0,1.0,1,0,207
22.964,3,4,4,0,0,0,1.0,1,0,207
22.965,4,4,4,0,0,0,1.0,1,0,207
23.072,0,4,4,0,0,0,1.0,1,0,208
23.073,1,4,4,0,0,0,1.0,1,0,208
23.073,2,4,4,0,0,0,1.0,1,0,208
23.074,3,4,4,0,0,0,1.0,1,0,208
23.075,4,4,4,0,0,0,1.0,1,0,208
23.182,0,4,4,0,0,0,1.0,1,0,209
23.183,1,4,4,0,0,0,1.0,1,0,209
23.183,2,4,4,0,0,0,1.0,1,0,209
23.184,3,4,4,0,0,0,1.0,1,0,209
23.185,4,4,4,0,0,0,1.0,1,0,209
23.292,0,4,4,0,0,0,1.0,1,0,210
23.293,1,4,4,0,0,0,1.0,1,0,210
23.294,2,4,4,0,0,0,1.0,1,0,210
23.294,3,4,4,0,0,0,1.0,1,0,210
23.295,4,4,4,0,0,0,1.0,1,0,210
23.402,0,4,4,0,0,0,1.0,1,0,211
23.403,1,4,4,0,0,0,1.0,1,0,211
23.403,2,4,4,0,0,0,1.0,1,0,211
23.404,3,4,4,0,0,0,1.0,1,0,211
23.405,4,4,4,0,0,0,1.0,1,0,211
23.512,0,4,4,0,0,0,1.0,1,0,212
23.513,1,4,4,0,0,0,1.0,1,0,212
23.513,2,4,4,0,0,0,1.0,1,0,212
23.514,3,4,4,0,0,0,1.0,1,0,212
23.515,4,4,4,0,0,0,1.0,1,0,212
23.622,0,4,4,0,0,0,1.0,1,0,213
23.623,1,4,4,0,0,0,1.0,1,0,213
23.623,2,4,4,0,0,0,1.0,1,0,213
23.624,3,4,4,0,0,0,1.0,1,0,213
23.625,4,4,4,0,0,0,1.0,1,0,213
23.732,0,4,4,0,0,0,1.0,1,0,214
23.733,1,4,4,0,0,0,1.0,1,0,214
23.733,2,4,4,0,0,0,1.0,1,0,214
23.734,3,4,4,0,0,0,1.0,1,0,214
23.735,4,4,4,0,0,0,1.0,1,0,214
23.842,0,4,4,0,0,0,1.0,1,0,215
23.843,1,4,4,0,0,0,1.0,1,0,215
23.844,2,4,4,0,0,0,1.0,1,0,215
23.844,3,4,4,0,0,0,1.0,1,0,215
23.845,4,4,4,0,0,0,1.0,1,0,215
23.952,0,4,4,0,0,0,1.0,1,0,216
23.953,1,4,4,0,0,0,1.0,1,0,216
23.953,2,4,4,0,0,0,1.0,1,0,216
23.954,3,4,4,0,0,0,1.0,1,0,216
23.955,4,4,4,0,0,0,1.0,1,0,216
24.062,0,4,4,0,0,0,1.0,1,0,217
24.063,1,4,4,0,0,0,1.0,1,0,217
24.063,2,4,4,0,0,0,1.0,1,0,217
24.064,3,4,4,0,0,0,1.0,1,0,217
24.065,4,4,4,0,0,0,1.0,1,0,217
24.172,0,4,4,0,0,0,1.0,1,0,218
24.173,1,4,4,0,0,0,1.0,1,0,218
24.173,2,4,4,0,0,0,1.0,1,0,218
24.174,3,4,4,0,0,0,1.0,1,0,218
24.175,4,4,4,0,0,0,1.0,1,0,218
24.282,0,4,4,0,0,0,1.0,1,0,219
24.283,1,4,4,0,0,0,1.0,1,0,219
24.283,2,4,4,0,0,0,1.0,1,0,219
24.284,3,4,4,0,0,0,1.0,1,0,219
24.285,4,4,4,0,0,0,1.0,1,0,219
24.392,0,4,4,0,0,0,1.0,1,0,220
24.393,1,4,4,0,0,0,1.0,1,0,220
24.394,2,4,4,0,0,0,1.0,1,0,220
24.394,3,4,4,0,0,0,1.0,1,0,220
24.395,4,4,4,0,0,0,1.0,1,0,220
24.502,0,4,4,0,0,0,1.0,1,0,221
24.503,1,4,4,0,0,0,1.0,1,0,221
24.503,2,4,4,0,0,0,1.0,1,0,221
24.504,3,4,4,0,0,0,1.0,1,0,221
24.505,4,4,4,0,0,0,1.0,1,0,221
24.612,0,4,4,0,0,0,1.0,1,0,222
24.613,1,4,4,0,0,0,1.0,1,0,222
24.613,2,4,4,0,0,0,1.0,1,0,222
24.614,3,4,4,0,0,0,1.0,1,0,222
24.615,4,4,4,0,0,0,1.0,1,0,222
24.722,0,4,4,0,0,0,1.0,1,0,223
24.723,1,4,4,0,0,0,1.0,1,0,223
24.723,2,4,4,0,0,0,1.0,1,0,223
24.724,3,4,4,0,0,0,1.0,1,0,223
24.725,4,4,4,0,0,0,1.0,1,0,223
24.832,0,4,4,0,0,0,1.0,1,0,224
24.833,1,4,4,0,0,0,1.0,1,0,224
24.833,2,4,4,0,0,0,1.0,1,0,224
24.834,3,4,4,0,0,0,1.0,1,0,224
24.835,4,4,4,0,0,0,1.0,1,0,224
24.942,0,4,4,0,0,0,1.0,1,0,225
24.943,1,4,4,0,0,0,1.0,1,0,225
24.944,2,4,4,0,0,0,1.0,1,0,225
24.944,3,4,4,0,0,0,1.0,1,0,225
24.945,4,4,4,0,0,0,1.0,1,0,225
25.052,0,4,4,0,0,0,1.0,1,0,226
25.053,1,4,4,0,0,0,1.0,1,0,226
25.053,2,4,4,0,0,0,1.0,1,0,226
25.054,3,4,4,0,0,0,1.0,1,0,226
25.055,4,4,4,0,0,0,1.0,1,0,226
25.162,0,4,4,0,0,0,1.0,1,0,227
25.163,1,4,4,0,0,0,1.0,1,0,227
25.163,2,4,4,0,0,0,1.0,1,0,227
25.164,3,4,4,0,0,0,1.0,1,0,227
25.165,4,4,4,0,0,0,1.0,1,0,227
25.272,0,4,4,0,0,0,1.0,1,0,228
25.273,1,4,4,0,0,0,1.0,1,0,228
25.273,2,4,4,0,0,0,1.0,1,0,228
25.274,3,4,4,0,0,0,1.0,1,0,228
25.275,4,4,4,0,0,0,1.0,1,0,228
25.382,0,4,4,0,0,0,1.0,1,0,229
25.383,1,4,4,0,0,0,1.0,1,0,229
25.383,2,4,4,0,0,0,1.0,1,0,229
25.384,3,4,4,0,0,0,1.0,1,0,229
25.385,4,4,4,0,0,0,1.0,1,0,229
25.492,0,4,4,0,0,0,1.0,1,0,230
25.493,1,4,4,0,0,0,1.0,1,0,230
25.494,2,4,4,0,0,0,1.0,1,0,230
25.494,3,4,4,0,0,0,1.0,1,0,230
25.495,4,4,4,0,0,0,1.0,1,0,230
25.602,0,4,4,0,0,0,1.0,1,0,231
25.603,1,4,4,0,0,0,1.0,1,0,231
25.603,2,4,4,0,0,0,1.0,1,0,231
25.604,3,4,4,0,0,0,1.0,1,0,231
25.605,4,4,4,0,0,0,1.0,1,0,231
25.712,0,4,4,0,0,0,1.0,1,0,232
25.713,1,4,4,0,0,0,1.0,1,0,232
25.713,2,4,4,0,0,0,1.0,1,0,232
25.714,3,4,4,0,0,0,1.0,1,0,232
25.715,4,4,4,0,0,0,1.0,1,0,232
25.822,0,4,4,0,0,0,1.0,1,0,233
25.823,1,4,4,0,0,0,1.0,1,0,233
25.823,2,4,4,0,0,0,1.0,1,0,233
25.824,3,4,4,0,0,0,1.0,1,0,233
25.825,4,4,4,0,0,0,1.0,1,0,233
25.932,0,4,4,0,0,0,1.0,1,0,234
25.933,1,4,4,0,0,0,1.0,1,0,234
25.933,2,4,4,0,0,0,1.0,1,0,234
25.934,3,4,4,0,0,0,1.0,1,0,234
25.935,4,4,4,0,0,0,1.0,1,0,234
26.042,0,4,4,0,0,0,1.0,1,0,235
26.043,1,4,4,0,0,0,1.0,1,0,235
26.044,2,4,4,0,0,0,1.0,1,0,235
26.044,3,4,4,0,0,0,1.0,1,0,235
26.045,4,4,4,0,0,0,1.0,1,0,235
26.152,0,4,4,0,0,0,1.0,1,0,236
26.153,1,4,4,0,0,0,1.0,1,0,236
26.153,2,4,4,0,0,0,1.0,1,0,236
26.154,3,4,4,0,0,0,1.0,1,0,236
26.155,4,4,4,0,0,0,1.0,1,0,236
26.262,0,4,4,0,0,0,1.0,1,0,237
26.263,1,4,4,0,0,0,1.0,1,0,237
26.263,2,4,4,0,0,0,1.0,1,0,237
26.264,3,4,4,0,0,0,1.0,1,0,237
26.265,4,4,4,0,0,0,1.0,1,0,237
26.372,0,4,4,0,0,0,1.0,1,0,238
26.373,1,4,4,0,0,0,1.0,1,0,238
26.373,2,4,4,0,0,0,1.0,1,0,238
26.374,3,4,4,0,0,0,1.0,1,0,238
26.375,4,4,4,0,0,0,1.0,1,0,238
26.482,0,4,4,0,0,0,1.0,1,0,239
26.483,1,4,4,0,0,0,1.0,1,0,239
26.483,2,4,4,0,0,0,1.0,1,0,239
26.484,3,4,4,0,0,0,1.0,1,0,239
26.485,4,4,4,0,0,0,1.0,1,0,239
26.592,0,4,4,0,0,0,1.0,1,0,240
26.593,1,4,4,0,0,0,1.0,1,0,240
26.594,2,4,4,0,0,0,1.0,1,0,240
26.594,3,4,4,0,0,0,1.0,1,0,240
26.595,4,4,4,0,0,0,1.0,1,0,240
26.702,0,4,4,0,0,0,1.0,1,0,241
26.703,1,4,4,0,0,0,1.0,1,0,241
26.703,2,4,4,0,0,0,1.0,1,0,241
26.704,3,4,4,0,0,0,1.0,1,0,241
26.705,4,4,4,0,0,0,1.0,1,0,241
26.812,0,4,4,0,0,0,1.0,1,0,242
26.813,1,4,4,0,0,0,1.0,1,0,242
26.813,2,4,4,0,0,0,1.0,1,0,242
26.814,3,4,4,0,0,0,1.0,1,0,242
26.815,4,4,4,0,0,0,1.0,1,0,242
26.922,0,4,4,0,0,0,1.0,1,0,243
26.923,1,4,4,0,0,0,1.0,1,0,243
26.923,2,4,4,0,0,0,1.0,1,0,243
26.924,3,4,4,0,0,0,1.0,1,0,243
26.925,4,4,4,0,0,0,1.0,1,0,243
27.032,0,4,4,0,0,0,1.0,1,0,244
27.033,1,4,4,0,0,0,1.0,1,0,244
27.033,2,4,4,0,0,0,1.0,1,0,244
27.034,3,4,4,0,0,0,1.0,1,0,244
27.035,4,4,4,0,0,0,1.0,1,0,244
27.142,0,4,4,0,0,0,1.0,1,0,245
27.143,1,4,4,0,0,0,1.0,1,0,245
27.144,2,4,4,0,0,0,1.0,1,0,245
27.144,3,4,4,0,0,0,1.0,1,0,245
27.147,4,4,4,0,0,0,1.0,1,0,245
27.252,0,4,4,0,0,0,1.0,1,0,246
27.252,1,4,4,0,0,0,1.0,1,0,246
27.253,2,4,4,0,0,0,1.0,1,0,246
27.254,3,4,4,0,0,0,1.0,1,0,246
27.255,4,4,4,0,0,0,1.0,1,0,246
27.362,0,4,4,0,0,0,1.0,1,0,247
27.362,1,4,4,0,0,0,1.0,1,0,247
27.363,2,4,4,0,0,0,1.0,1,0,247
27.364,3,4,4,0,0,0,1.0,1,0,247
27.365,4,4,4,0,0,0,1.0,1,0,247
27.472,0,4,4,0,0,0,1.0,1,0,248
27.472,1,4,4,0,0,0,1.0,1,0,248
27.473,2,4,4,0,0,0,1.0,1,0,248
27.474,3,4,4,0,0,0,1.0,1,0,248
27.475,4,4,4,0,0,0,1.0,1,0,248
27.582,0,4,4,0,0,0,1.0,1,0,249
27.582,1,4,4,0,0,0,1.0,1,0,249
27.583,2,4,4,0,0,0,1.0,1,0,249
27.584,3,4,4,0,0,0,1.0,1,0,249
27.585,4,4,4,0,0,0,1.0,1,0,249
27.692,0,4,4,0,0,0,1.0,1,0,250
27.693,1,4,4,0,0,0,1.0,1,0,250
27.694,2,4,4,0,0,0,1.0,1,0,250
27.694,3,4,4,0,0,0,1.0,1,0,250
27.695,4,4,4,0,0,0,1.0,1,0,250
27.802,0,4,4,0,0,0,1.0,1,0,251
27.802,1,4,4,0,0,0,1.0,1,0,251
27.803,2,4,4,0,0,0,1.0,1,0,251
27.804,3,4,4,0,0,0,1.0,1,0,251
27.805,4,4,4,0,0,0,1.0,1,0,251
27.912,0,4,4,0,0,0,1.0,1,0,252
27.912,1,4,4,0,0,0,1.0,1,0,252
27.913,2,4,4,0,0,0,1.0,1,0,252
27.914,3,4,4,0,0,0,1.0,1,0,252
27.915,4,4,4,0,0,0,1.0,1,0,252
28.022,0,4,4,0,0,0,1.0,1,0,253
28.022,1,4,4,0,0,0,1.0,1,0,253
28.023,2,4,4,0,0,0,1.0,1,0,253
28.024,3,4,4,0,0,0,1.0,1,0,253
28.025,4,4,4,0,0,0,1.0,1,0,253
28.132,0,4,4,0,0,0,1.0,1,0,254
28.132,1,4,4,0,0,0,1.0,1,0,254
28.133,2,4,4,0,0,0,1.0,1,0,254
28.134,3,4,4,0,0,0,1.0,1,0,254
28.135,4,4,4,0,0,0,1.0,1,0,254
28.242,0,4,4,0,0,0,1.0,1,0,255
28.243,1,4,4,0,0,0,1.0,1,0,255
28.244,2,4,4,0,0,0,1.0,1,0,255
28.244,3,4,4,0,0,0,1.0,1,0,255
28.245,4,4,4,0,0,0,1.0,1,0,255
28.352,0,4,4,0,0,0,1.0,1,0,256
28.353,1,4,4,0,0,0,1.0,1,0,256
28.353,2,4,4,0,0,0,1.0,1,0,256
28.354,3,4,4,0,0,0,1.0,1,0,256
28.355,4,4,4,0,0,0,1.0,1,0,256
28.462,0,4,4,0,0,0,1.0,1,0,257
28.463,1,4,4,0,0,0,1.0,1,0,257
28.463,2,4,4,0,0,0,1.0,1,0,257
28.464,3,4,4,0,0,0,1.0,1,0,257
28.465,4,4,4,0,0,0,1.0,1,0,257
28.572,0,4,4,0,0,0,1.0,1,0,258
28.573,1,4,4,0,0,0,1.0,1,0,258
28.573,2,4,4,0,0,0,1.0,1,0,258
28.574,3,4,4,0,0,0,1.0,1,0,258
28.575,4,4,4,0,0,0,1.0,1,0,258
28.682,0,4,4,0,0,0,1.0,1,0,259
28.683,1,4,4,0,0,0,1.0,1,0,259
28.683,2,4,4,0,0,0,1.0,1,0,259
28.684,3,4,4,0,0,0,1.0,1,0,259
28.685,4,4,4,0,0,0,1.0,1,0,259
28.792,0,4,4,0,0,0,1.0,1,0,260
28.793,1,4,4,0,0,0,1.0,1,0,260
28.794,2,4,4,0,0,0,1.0,1,0,260
28.794,3,4,4,0,0,0,1.0,1,0,260
28.795,4,4,4,0,0,0,1.0,1,0,260
28.902,0,4,4,0,0,0,1.0,1,0,261
28.903,1,4,4,0,0,0,1.0,1,0,261
28.903,2,4,4,0,0,0,1.0,1,0,261
28.904,3,4,4,0,0,0,1.0,1,0,261
28.905,4,4,4,0,0,0,1.0,1,0,261
29.012,0,4,4,0,0,0,1.0,1,0,262
29.013,1,4,4,0,0,0,1.0,1,0,262
29.013,2,4,4,0,0,0,1.0,1,0,262
29.014,3,4,4,0,0,0,1.0,1,0,262
29.015,4,4,4,0,0,0,1.0,1,0,262
29.122,0,4,4,0,0,0,1.0,1,0,263
29.123,1,4,4,0,0,0,1.0,1,0,263
29.123,2,4,4,0,0,0,1.0,1,0,263
29.124,3,4,4,0,0,0,1.0,1,0,263
29.125,4,4,4,0,0,0,1.0,1,0,263
29.232,0,4,4,0,0,0,1.0,1,0,264
29.233,1,4,4,0,0,0,1.0,1,0,264
29.233,2,4,4,0,0,0,1.0,1,0,264
29.234,3,4,4,0,0,0,1.0,1,0,264
29.235,4,4,4,0,0,0,1.0,1,0,264
29.342,0,4,4,0,0,0,1.0,1,0,265
29.343,1,4,4,0,0,0,1.0,1,0,265
29.344,2,4,4,0,0,0,1.0,1,0,265
29.344,3,4,4,0,0,0,1.0,1,0,265
29.345,4,4,4,0,0,0,1.0,1,0,265
29.452,0,4,4,0,0,0,1.0,1,0,266
29.453,1,4,4,0,0,0,1.0,1,0,266
29.453,2,4,4,0,0,0,1.0,1,0,266
29.454,3,4,4,0,0,0,1.0,1,0,266
29.455,4,4,4,0,0,0,1.0,1,0,266
29.562,0,4,4,0,0,0,1.0,1,0,267
29.563,1,4,4,0,0,0,1.0,1,0,267
29.563,2,4,4,0,0,0,1.0,1,0,267
29.564,3,4,4,0,0,0,1.0,1,0,267
29.565,4,4,4,0,0,0,1.0,1,0,267
29.672,0,4,4,0,0,0,1.0,1,0,268
29.673,1,4,4,0,0,0,1.0,1,0,268
29.673,2,4,4,0,0,0,1.0,1,0,268
29.674,3,4,4,0,0,0,1.0,1,0,268
29.675,4,4,4,0,0,0,1.0,1,0,268
29.782,0,4,4,0,0,0,1.0,1,0,269
29.783,1,4,4,0,0,0,1.0,1,0,269
29.783,2,4,4,0,0,0,1.0,1,0,269
29.784,3,4,4,0,0,0,1.0,1,0,269
29.785,4,4,4,0,0,0,1.0,1,0,269
29.892,0,4,4,0,0,0,1.0,1,0,270
29.893,1,4,4,0,0,0,1.0,1,0,270
29.894,2,4,4,0,0,0,1.0,1,0,270
29.894,3,4,4,0,0,0,1.0,1,0,270
29.895,4,4,4,0,0,0,1.0,1,0,270
30.002,0,4,4,0,0,0,1.0,1,0,271
30.002,1,4,4,0,0,0,1.0,1,0,271
30.003,2,4,4,0,0,0,1.0,1,0,271
30.004,3,4,4,0,0,0,1.0,1,0,271
30.005,4,4,4,0,0,0,1.0,1,0,271
30.112,0,4,4,0,0,0,1.0,1,0,272
30.112,1,4,4,0,0,0,1.0,1,0,272
30.113,2,4,4,0,0,0,1.0,1,0,272
30.114,3,4,4,0,0,0,1.0,1,0,272
30.115,4,4,4,0,0,0,1.0,1,0,272
30.222,0,4,4,0,0,0,1.0,1,0,273
30.222,1,4,4,0,0,0,1.0,1,0,273
30.223,2,4,4,0,0,0,1.0,1,0,273
30.224,3,4,4,0,0,0,1.0,1,0,273
30.225,4,4,4,0,0,0,1.0,1,0,273
30.332,0,4,4,0,0,0,1.0,1,0,274
30.332,1,4,4,0,0,0,1.0,1,0,274
30.333,2,4,4,0,0,0,1.0,1,0,274
30.334,3,4,4,0,0,0,1.0,1,0,274
30.335,4,4,4,0,0,0,1.0,1,0,274
30.442,0,4,4,0,0,0,1.0,1,0,275
30.443,1,4,4,0,0,0,1.0,1,0,275
30.444,2,4,4,0,0,0,1.0,1,0,275
30.444,3,4,4,0,0,0,1.0,1,0,275
30.445,4,4,4,0,0,0,1.0,1,0,275
30.552,0,4,4,0,0,0,1.0,1,0,276
30.552,1,4,4,0,0,0,1.0,1,0,276
30.553,2,4,4,0,0,0,1.0,1,0,276
30.554,3,4,4,0,0,0,1.0,1,0,276
30.555,4,4,4,0,0,0,1.0,1,0,276
30.662,0,4,4,0,0,0,1.0,1,0,277
30.662,1,4,4,0,0,0,1.0,1,0,277
30.663,2,4,4,0,0,0,1.0,1,0,277
30.664,3,4,4,0,0,0,1.0,1,0,277
30.665,4,4,4,0,0,0,1.0,1,0,277
30.772,0,4,4,0,0,0,1.0,1,0,278
30.772,1,4,4,0,0,0,1.0,1,0,278
30.773,2,4,4,0,0,0,1.0,1,0,278
30.774,3,4,4,0,0,0,1.0,1,0,278
30.775,4,4,4,0,0,0,1.0,1,0,278
30.882,0,4,4,0,0,0,1.0,1,0,279
30.882,1,4,4,0,0,0,1.0,1,0,279
30.883,2,4,4,0,0,0,1.0,1,0,279
30.884,3,4,4,0,0,0,1.0,1,0,279
30.885,4,4,4,0,0,0,1.0,1,0,279
30.992,0,4,4,0,0,0,1.0,1,0,280
30.993,1,4,4,0,0,0,1.0,1,0,280
30.994,2,4,4,0,0,0,1.0,1,0,280
30.994,3,4,4,0,0,0,1.0,1,0,280
30.995,4,4,4,0,0,0,1.0,1,0,280
31.102,0,4,4,0,0,0,1.0,1,0,281
31.102,1,4,4,0,0,0,1.0,1,0,281
31.103,2,4,4,0,0,0,1.0,1,0,281
31.104,3,4,4,0,0,0,1.0,1,0,281
31.105,4,4,4,0,0,0,1.0,1,0,281
31.212,0,4,4,0,0,0,1.0,1,0,282
31.212,1,4,4,0,0,0,1.0,1,0,282
31.213,2,4,4,0,0,0,1.0,1,0,282
31.214,3,4,4,0,0,0,1.0,1,0,282
31.215,4,4,4,0,0,0,1.0,1,0,282
